Video Type,Total Videos,Correct Videos,Percentage
flat,84,78,0.9285714285714286
flatWA,28,26,0.9285714285714286
flatYT,28,26,0.9285714285714286
indoor,87,54,0.6206896551724138
indoorWA,29,19,0.6551724137931034
indoorYT,29,17,0.5862068965517241
outdoor,86,71,0.8255813953488372
outdoorWA,29,20,0.6896551724137931
outdoorYT,29,25,0.8620689655172413
flat_native,28,26,0.9285714285714286
indoor_native,29,17,0.5862068965517241
outdoor_native,28,26,0.9285714285714286
