Device Type,Total Videos,Correct Videos,Percentage
01SamsungGalaxyS3,12,9,0.75
02HuaweiP9,12,6,0.5
03AppleiPhone5c,9,6,0.6666666666666666
04AppleiPhone6,11,7,0.6363636363636364
05HuaweiP9Lite,12,6,0.5
06AppleiPhone6Plus,12,12,1.0
07SamsungGalaxyS5,12,10,0.8333333333333334
08AppleiPhone5,12,8,0.6666666666666666
09HuaweiP8,12,10,0.8333333333333334
10SamsungGalaxyS4Mini,11,11,1.0
