Video Type,Total Videos,Correct Videos,Percentage
flat,59,57,0.9661016949152542
flatWA,20,20,1.0
flatYT,19,18,0.9473684210526315
indoor,60,59,0.9833333333333333
indoorWA,20,20,1.0
indoorYT,20,19,0.95
outdoor,55,51,0.9272727272727272
outdoorWA,19,17,0.8947368421052632
outdoorYT,18,17,0.9444444444444444
