Video Type,Total Videos,Correct Videos,Percentage
flat,84,78,0.9285714285714286
flatWA,28,26,0.9285714285714286
flatYT,28,26,0.9285714285714286

indoor,87,60,0.6896551724137931
indoorWA,29,19,0.6551724137931034
indoorYT,29,20,0.6896551724137931

outdoor,86,71,0.8255813953488372
outdoorWA,29,24,0.8275862068965517
outdoorYT,29,24,0.8275862068965517

flat_native,28,26,0.9285714285714286
indoor_native,29,16,0.5517241379310345
outdoor_native,28,23,0.8214285714285714
