Video Type,Total Videos,Correct Videos,Percentage
flat,84,72,0.8571428571428571
flatWA,28,23,0.8214285714285714
flatYT,28,24,0.8571428571428571
indoor,87,51,0.5862068965517241
indoorWA,29,16,0.5517241379310345
indoorYT,29,17,0.5862068965517241
outdoor,86,65,0.7558139534883721
outdoorWA,29,20,0.6896551724137931
outdoorYT,29,22,0.7586206896551724
flat_native,28,25,0.8928571428571429
indoor_native,29,14,0.4827586206896552
outdoor_native,28,23,0.8214285714285714
