Video Type,Total Videos,Correct Videos,Percentage
flat,60,56,0.9333333333333333
flatWA,20,18,0.9
flatYT,20,19,0.95
indoor,58,41,0.7068965517241379
indoorWA,19,12,0.631578947368421
indoorYT,19,13,0.6842105263157895
outdoor,53,42,0.7924528301886793
outdoorWA,17,11,0.6470588235294118
outdoorYT,18,15,0.8333333333333334
