Device Type,Total Videos,Correct Videos,Percentage
01SamsungGalaxyS3,17,11,0.6470588235294118
02HuaweiP9,18,16,0.8888888888888888
03AppleiPhone5c,14,6,0.42857142857142855
04AppleiPhone6,17,16,0.9411764705882353
05HuaweiP9Lite,17,12,0.7058823529411765
06AppleiPhone6Plus,18,17,0.9444444444444444
07SamsungGalaxyS5,17,17,1.0
08AppleiPhone5,18,13,0.7222222222222222
09HuaweiP8,18,17,0.9444444444444444
10SamsungGalaxyS4Mini,17,14,0.8235294117647058
