Device Type,Total Videos,Correct Videos,Percentage
01AppleiPhone4s,9,2,0.2222222222222222
02HuaweiP9,18,13,0.7222222222222222
03AppleiPhone6,15,8,0.5333333333333333
04SamsungGalaxyS3,18,12,0.6666666666666666
05AppleiPhone5c,18,16,0.8888888888888888
06HuaweiP9Lite,18,10,0.5555555555555556
07AppleiPhone6Plus,18,14,0.7777777777777778
08SonyXperiaZ1Compact,18,14,0.7777777777777778
09SamsungGalaxyS5,18,17,0.9444444444444444
10AppleiPhone5,18,12,0.6666666666666666
11XiaomiRedmiNote,18,15,0.8333333333333334
12OnePlusA3000,18,15,0.8333333333333334
13HuaweiP,18,14,0.7777777777777778
14SamsungGalaxyS4Mini,18,17,0.9444444444444444
15OnePlusA3003,17,6,0.35294117647058826
