Device Type,Total Videos,Correct Videos,Percentage
01SamsungGalaxyS3,18,17,0.9444444444444444
02HuaweiP9,18,17,0.9444444444444444
03AppleiPhone5c,18,13,0.7222222222222222
04AppleiPhone6,17,15,0.8823529411764706
05HuaweiP9Lite,18,15,0.8333333333333334
06AppleiPhone6Plus,18,17,0.9444444444444444
07SamsungGalaxyS5,18,18,1.0
08AppleiPhone5,18,17,0.9444444444444444
09HuaweiP8,18,17,0.9444444444444444
10SamsungGalaxyS4Mini,18,17,0.9444444444444444
11AppleiPhone6,17,8,0.47058823529411764
