Device Type,Total Videos,Correct Videos,Percentage
01SamsungGalaxyS3,18,11,0.6111111111111112
02HuaweiP9,18,15,0.8333333333333334
03AppleiPhone5c,14,9,0.6428571428571429
04AppleiPhone6,16,11,0.6875
05HuaweiP9Lite,18,14,0.7777777777777778
06AppleiPhone6Plus,18,16,0.8888888888888888
07SamsungGalaxyS5,18,15,0.8333333333333334
08AppleiPhone5,18,10,0.5555555555555556
09HuaweiP8,18,13,0.7222222222222222
10SamsungGalaxyS4Mini,17,17,1.0
