Device,TPR,FPR,ACC
01AppleiPhone5c,0.855595667870036,0.022898591949935997,0.9571055133079848
02HuaweiP9Lite,0.9389671361502347,0.04006724572709443,0.9567490494296578
03AppleiPhone6Plus,0.8691756272401434,0.02699495698605755,0.9523526615969582
04SonyXperiaZ1Compact,0.8508137432188065,0.027359781121751026,0.9566302281368821
05XiaomiRedmiNote3,0.8918083462132921,0.013479359730412805,0.971958174904943
06OnePlusA3003,0.8427635497319833,0.02092919697194597,0.9518773764258555
Total,0.8733365019011406,0.025332699619771862,0.9577788339670469
