Device Type,Total Videos,Correct Videos,Percentage
01SamsungGalaxyS3,18,12,0.6666666666666666
02HuaweiP9,18,17,0.9444444444444444
03AppleiPhone5c,14,7,0.5
04AppleiPhone6,17,15,0.8823529411764706
05HuaweiP9Lite,18,7,0.3888888888888889
06AppleiPhone6Plus,18,11,0.6111111111111112
07SamsungGalaxyS5,18,18,1.0
08AppleiPhone5,18,13,0.7222222222222222
09HuaweiP8,18,17,0.9444444444444444
10SamsungGalaxyS4Mini,17,16,0.9411764705882353
