Video Type,Total Videos,Correct Videos,Percentage
flat,60,60,1.0
flatWA,20,20,1.0
flatYT,20,20,1.0
indoor,58,34,0.5862068965517241
indoorWA,19,10,0.5263157894736842
indoorYT,19,11,0.5789473684210527
outdoor,53,41,0.7735849056603774
outdoorWA,17,12,0.7058823529411765
outdoorYT,18,15,0.8333333333333334
