Video Type,Total Videos,Correct Videos,Percentage
flat,84,76,0.9047619047619048
flatWA,28,24,0.8571428571428571
flatYT,28,26,0.9285714285714286
indoor,87,50,0.5747126436781609
indoorWA,29,11,0.3793103448275862
indoorYT,29,20,0.6896551724137931
outdoor,86,59,0.686046511627907
outdoorWA,29,16,0.5517241379310345
outdoorYT,29,21,0.7241379310344828
flat_native,28,26,0.9285714285714286
indoor_native,29,14,0.4827586206896552
outdoor_native,28,22,0.7857142857142857
