Video Type,Total Videos,Correct Videos,Percentage
flat,83,80,0.963855421686747
flatWA,28,27,0.9642857142857143
flatYT,27,26,0.9629629629629629
indoor,87,47,0.5402298850574713
indoorWA,29,17,0.5862068965517241
indoorYT,29,15,0.5172413793103449
outdoor,86,65,0.7558139534883721
outdoorWA,29,21,0.7241379310344828
outdoorYT,29,21,0.7241379310344828
flat_native,28,27,0.9642857142857143
indoor_native,29,11,0.3793103448275862
outdoor_native,28,23,0.8214285714285714
