Device Type,Total Videos,Correct Videos,Percentage
01SamsungGalaxyS3,17,11,0.6470588235294118
02HuaweiP9,18,16,0.8888888888888888
03AppleiPhone5c,14,7,0.5
04AppleiPhone6,17,15,0.8823529411764706
05HuaweiP9Lite,17,8,0.47058823529411764
06AppleiPhone6Plus,18,15,0.8333333333333334
07SamsungGalaxyS5,17,17,1.0
08AppleiPhone5,18,12,0.6666666666666666
09HuaweiP8,18,17,0.9444444444444444
10SamsungGalaxyS4Mini,17,17,1.0
