Device Type,Total Videos,Correct Videos,Percentage
01SamsungGalaxyS3,18,12,0.6666666666666666
02HuaweiP9,18,6,0.3333333333333333
03AppleiPhone5c,14,10,0.7142857142857143
04AppleiPhone6,17,13,0.7647058823529411
05HuaweiP9Lite,18,14,0.7777777777777778
06AppleiPhone6Plus,18,9,0.5
07SamsungGalaxyS5,18,17,0.9444444444444444
08AppleiPhone5,18,9,0.5
09HuaweiP8,18,14,0.7777777777777778
10SamsungGalaxyS4Mini,17,17,1.0
