Device Type,Total Videos,Correct Videos,Percentage
01SamsungGalaxyS3,18,14,0.7777777777777778
02HuaweiP9,18,12,0.6666666666666666
03AppleiPhone5c,14,8,0.5714285714285714
04AppleiPhone6,18,15,0.8333333333333334
05HuaweiP9Lite,18,10,0.5555555555555556
06AppleiPhone6Plus,18,13,0.7222222222222222
07SamsungGalaxyS5,18,18,1.0
08AppleiPhone5,18,9,0.5
09HuaweiP8,18,13,0.7222222222222222
10SamsungGalaxyS4Mini,17,17,1.0
