Device Type,Total Videos,Correct Videos,Percentage
04AppleiPhone5c,14,11,0.7857142857142857
08AppleiPhone5c,18,15,0.8333333333333334
11AppleiPhone5c,11,10,0.9090909090909091
