Video Type,Total Videos,Correct Videos,Percentage
flat,65,65,1.0
flatWA,22,22,1.0
flatYT,21,21,1.0
indoor,66,49,0.7424242424242424
indoorWA,22,14,0.6363636363636364
indoorYT,22,17,0.7727272727272727
outdoor,65,57,0.8769230769230769
outdoorWA,22,17,0.7727272727272727
outdoorYT,22,21,0.9545454545454546
flat_native,22,22,1.0
indoor_native,22,15,0.6818181818181818
outdoor_native,21,19,0.9047619047619048
