Device Type,Total Videos,Correct Videos,Percentage
04AppleiPhone5c,14,12,0.8571428571428571
08AppleiPhone5c,18,17,0.9444444444444444
11AppleiPhone5c,11,10,0.9090909090909091
