Device Type,Total Videos,Correct Videos,Percentage
01SamsungGalaxyS3,18,15,0.8333333333333334
02HuaweiP9,18,13,0.7222222222222222
03AppleiPhone5c,14,6,0.42857142857142855
04AppleiPhone6,17,13,0.7647058823529411
05HuaweiP9Lite,0,0,0
06AppleiPhone6Plus,18,15,0.8333333333333334
07SamsungGalaxyS5,18,18,1.0
08AppleiPhone5,18,12,0.6666666666666666
09HuaweiP8,18,14,0.7777777777777778
10SamsungGalaxyS4Mini,17,17,1.0
