Video Type,Total Videos,Correct Videos,Percentage
flat,59,52,0.8813559322033898
flatWA,20,17,0.85
flatYT,19,17,0.8947368421052632
indoor,60,40,0.6666666666666666
indoorWA,20,10,0.5
indoorYT,20,14,0.7
outdoor,55,41,0.7454545454545455
outdoorWA,19,14,0.7368421052631579
outdoorYT,18,14,0.7777777777777778
