Video Type,Total Videos,Correct Videos,Percentage
flat,59,58,0.9830508474576272
flatWA,20,20,1.0
flatYT,19,18,0.9473684210526315
indoor,59,35,0.5932203389830508
indoorWA,20,11,0.55
indoorYT,19,12,0.631578947368421
outdoor,55,38,0.6909090909090909
outdoorWA,19,10,0.5263157894736842
outdoorYT,18,15,0.8333333333333334
