Device Type,Total Videos,Correct Videos,Percentage
01SamsungGalaxyS3,18,17,0.9444444444444444
02HuaweiP9,18,17,0.9444444444444444
03AppleiPhone5c,14,6,0.42857142857142855
04AppleiPhone6,17,14,0.8235294117647058
05HuaweiP9Lite,18,16,0.8888888888888888
06AppleiPhone6Plus,18,16,0.8888888888888888
07SamsungGalaxyS5,18,18,1.0
08AppleiPhone5,18,16,0.8888888888888888
09HuaweiP8,18,17,0.9444444444444444
10SamsungGalaxyS4Mini,17,17,1.0
