Video Type,Total Videos,Correct Videos,Percentage
flat,60,58,0.9666666666666667
flatWA,20,18,0.9
flatYT,20,20,1.0
indoor,58,43,0.7413793103448276
indoorWA,19,12,0.631578947368421
indoorYT,19,16,0.8421052631578947
outdoor,53,32,0.6037735849056604
outdoorWA,17,10,0.5882352941176471
outdoorYT,18,11,0.6111111111111112
