Video Type,Total Videos,Correct Videos,Percentage
flat,83,74,0.891566265060241
flatWA,28,24,0.8571428571428571
flatYT,27,24,0.8888888888888888

indoor,87,62,0.7126436781609196
indoorWA,29,19,0.6551724137931034
indoorYT,29,23,0.7931034482758621

outdoor,86,80,0.9302325581395349
outdoorWA,29,27,0.9310344827586207
outdoorYT,29,27,0.9310344827586207

flat_native,28,26,0.9285714285714286
indoor_native,29,12,0.41379310344827586
outdoor_native,28,26,0.9285714285714286
