Device Type,Total Videos,Correct Videos,Percentage
01SamsungGalaxyS3,18,18,1.0
02HuaweiP9,18,18,1.0
03AppleiPhone5c,14,12,0.8571428571428571
04AppleiPhone6,17,16,0.9411764705882353
05HuaweiP9Lite,18,18,1.0
06AppleiPhone6Plus,18,18,1.0
07SamsungGalaxyS5,18,18,1.0
08AppleiPhone5,18,15,0.8333333333333334
09HuaweiP8,18,17,0.9444444444444444
10SamsungGalaxyS4Mini,17,17,1.0
