Video Type,Total Videos,Correct Videos,Percentage
flat,84,78,0.9285714285714286
flatWA,28,26,0.9285714285714286
flatYT,28,26,0.9285714285714286
indoor,87,48,0.5517241379310345
indoorWA,29,16,0.5517241379310345
indoorYT,29,16,0.5517241379310345
outdoor,86,67,0.7790697674418605
outdoorWA,29,19,0.6551724137931034
outdoorYT,29,24,0.8275862068965517
flat_native,28,26,0.9285714285714286
indoor_native,29,13,0.4482758620689655
outdoor_native,28,24,0.8571428571428571
