Device Type,Total Videos,Correct Videos,Percentage
01AppleiPhone4s,9,7,0.7777777777777778
02HuaweiP9,18,18,1.0
03AppleiPhone6,14,12,0.8571428571428571
04SamsungGalaxyS3,18,14,0.7777777777777778
05AppleiPhone5c,18,14,0.7777777777777778
06HuaweiP9Lite,18,14,0.7777777777777778
07AppleiPhone6Plus,18,14,0.7777777777777778
08SonyXperiaZ1Compact,18,18,1.0
09SamsungGalaxyS5,18,18,1.0
10AppleiPhone5,18,11,0.6111111111111112
11XiaomiRedmiNote,18,13,0.7222222222222222
12OnePlusA3000,18,14,0.7777777777777778
13HuaweiP,18,14,0.7777777777777778
14SamsungGalaxyS4Mini,18,18,1.0
15OnePlusA3003,17,17,1.0
